,0,1,2
0,0.29870129870129875,0.0,0.4259259259259259
1,0.6883116883116884,0.7857142857142857,0.574074074074074
2,0.0,0.0,0.0
3,0.6883116883116884,0.8214285714285714,0.5555555555555555
4,0.31168831168831174,0.8571428571428571,0.0
5,0.0,0.0,0.0
6,0.6753246753246753,0.7857142857142857,0.5555555555555555
7,0.7272727272727274,0.8214285714285714,0.611111111111111
8,0.29870129870129875,0.8214285714285714,0.0
9,0.3636363636363637,1.0,0.0
10,0.3766233766233767,0.0,0.537037037037037
11,0.0,0.0,0.0
12,0.6883116883116884,0.8214285714285714,0.5555555555555555
13,0.6363636363636365,0.7142857142857143,0.537037037037037
14,0.6753246753246753,0.7857142857142857,0.5555555555555555
15,0.6883116883116884,0.8214285714285714,0.5555555555555555
16,0.7142857142857143,0.8214285714285714,0.5925925925925926
17,0.5324675324675325,0.7499999999999999,0.37037037037037035
18,0.6753246753246753,0.7499999999999999,0.574074074074074
19,0.38961038961038963,0.0,0.5555555555555555
20,0.6623376623376623,0.8214285714285714,0.5185185185185185
21,0.38961038961038963,0.0,0.5555555555555555
22,0.7272727272727274,0.7857142857142857,0.6296296296296297
23,0.7402597402597403,0.7857142857142857,0.648148148148148
24,0.8311688311688312,0.7857142857142857,0.7777777777777777
25,0.7142857142857143,0.7857142857142857,0.611111111111111
26,0.6623376623376623,0.7857142857142857,0.537037037037037
27,0.6623376623376623,0.7857142857142857,0.537037037037037
28,0.5584415584415585,0.8214285714285714,0.37037037037037035
29,0.6753246753246753,0.8214285714285714,0.537037037037037
30,0.6623376623376623,0.7857142857142857,0.537037037037037
31,0.4025974025974026,0.0,0.574074074074074
32,0.3506493506493507,0.0,0.5
33,0.5584415584415585,0.8214285714285714,0.37037037037037035
34,0.0,0.0,0.0
35,0.6753246753246753,0.8214285714285714,0.537037037037037
36,0.7402597402597403,0.8214285714285714,0.6296296296296297
37,0.5584415584415585,0.7499999999999999,0.4074074074074074
38,0.6363636363636365,0.7499999999999999,0.5185185185185185
39,0.7142857142857143,0.7142857142857143,0.648148148148148
40,0.6753246753246753,0.7857142857142857,0.5555555555555555
41,0.0,0.0,0.0
42,0.7922077922077924,0.8214285714285714,0.7037037037037036
43,0.28571428571428575,0.0,0.4074074074074074
44,0.31168831168831174,0.8571428571428571,0.0
45,0.29870129870129875,0.8214285714285714,0.0
46,0.6103896103896104,0.0,0.8703703703703702
47,0.4545454545454546,0.0,0.648148148148148
48,0.5844155844155845,0.7857142857142857,0.4259259259259259
49,0.29870129870129875,0.8214285714285714,0.0
50,0.7012987012987014,0.7857142857142857,0.5925925925925926
51,0.6753246753246753,0.7857142857142857,0.5555555555555555
52,0.2727272727272727,0.7499999999999999,0.0
53,0.7272727272727274,0.8214285714285714,0.611111111111111
54,0.7142857142857143,0.7142857142857143,0.648148148148148
55,0.2727272727272727,0.7499999999999999,0.0
56,0.38961038961038963,0.0,0.5555555555555555
57,0.6883116883116884,0.7857142857142857,0.574074074074074
58,0.4025974025974026,0.0,0.574074074074074
59,0.8571428571428573,0.8214285714285714,0.7962962962962962
60,0.7532467532467534,0.8214285714285714,0.648148148148148
61,0.6493506493506495,0.7857142857142857,0.5185185185185185
62,0.4805194805194805,0.0,0.6851851851851851
63,0.7142857142857143,0.7857142857142857,0.611111111111111
64,0.6623376623376623,0.8214285714285714,0.5185185185185185
65,0.6623376623376623,0.8214285714285714,0.5185185185185185
66,0.7402597402597403,0.8214285714285714,0.6296296296296297
67,0.3766233766233767,0.0,0.537037037037037
68,0.0,0.0,0.0
69,0.7402597402597403,0.7857142857142857,0.648148148148148
70,0.29870129870129875,0.8214285714285714,0.0
71,0.6623376623376623,0.7499999999999999,0.5555555555555555
72,0.0,0.0,0.0
73,0.0,0.0,0.0
74,0.6753246753246753,0.7857142857142857,0.5555555555555555
75,0.5844155844155845,0.7857142857142857,0.4259259259259259
76,0.29870129870129875,0.8214285714285714,0.0
77,0.5974025974025975,0.7857142857142857,0.44444444444444436
78,0.31168831168831174,0.8571428571428571,0.0
79,0.7532467532467534,0.7857142857142857,0.6666666666666665
80,0.0,0.0,0.0
81,0.6753246753246753,0.8214285714285714,0.537037037037037
82,0.0,0.0,0.0
83,0.29870129870129875,0.8214285714285714,0.0
84,0.6883116883116884,0.8214285714285714,0.5555555555555555
85,0.31168831168831174,0.8571428571428571,0.0
86,0.42857142857142866,0.0,0.611111111111111
87,0.28571428571428575,0.7857142857142857,0.0
88,0.6883116883116884,0.7857142857142857,0.574074074074074
89,0.7792207792207793,0.7857142857142857,0.7037037037037036
90,0.4675324675324676,0.0,0.6666666666666665
91,0.0,0.0,0.0
92,0.0,0.0,0.0
93,0.3766233766233767,0.0,0.537037037037037
94,0.29870129870129875,0.8214285714285714,0.0
95,0.29870129870129875,0.8214285714285714,0.0
96,0.7012987012987014,0.8214285714285714,0.574074074074074
97,0.6753246753246753,0.8214285714285714,0.537037037037037
98,0.42857142857142866,0.0,0.611111111111111
99,0.6883116883116884,0.8214285714285714,0.5555555555555555
100,0.6883116883116884,0.8214285714285714,0.5555555555555555
101,0.38961038961038963,0.0,0.5555555555555555
102,0.7272727272727274,0.7857142857142857,0.6296296296296297
103,0.0,0.0,0.0
104,0.7142857142857143,0.8214285714285714,0.5925925925925926
105,0.5194805194805195,0.7142857142857143,0.37037037037037035
106,0.7142857142857143,0.8214285714285714,0.5925925925925926
107,0.7532467532467534,0.7499999999999999,0.6851851851851851
108,0.6883116883116884,0.7857142857142857,0.574074074074074
109,0.5454545454545454,0.7857142857142857,0.37037037037037035
110,0.8571428571428573,0.8214285714285714,0.7962962962962962
111,0.29870129870129875,0.8214285714285714,0.0
112,0.7142857142857143,0.7857142857142857,0.611111111111111
113,0.0,0.0,0.0
114,0.6493506493506495,0.7499999999999999,0.537037037037037
115,0.8051948051948052,0.7857142857142857,0.7407407407407407
116,0.6623376623376623,0.7857142857142857,0.537037037037037
117,0.6233766233766235,0.8214285714285714,0.4629629629629629
118,0.7142857142857143,0.8214285714285714,0.5925925925925926
119,0.5584415584415585,0.8214285714285714,0.37037037037037035
120,0.6883116883116884,0.8214285714285714,0.5555555555555555
121,0.6493506493506495,0.7499999999999999,0.537037037037037
122,0.6363636363636365,0.7857142857142857,0.5
123,0.29870129870129875,0.8214285714285714,0.0
124,0.6883116883116884,0.8214285714285714,0.5555555555555555
125,0.42857142857142866,0.0,0.611111111111111
126,0.38961038961038963,0.0,0.5555555555555555
127,0.6753246753246753,0.7857142857142857,0.5555555555555555
128,0.0,0.0,0.0
129,0.38961038961038963,0.0,0.5555555555555555
130,0.8181818181818182,0.8214285714285714,0.7407407407407407
131,0.38961038961038963,0.0,0.5555555555555555
132,0.6623376623376623,0.7499999999999999,0.5555555555555555
133,0.6883116883116884,0.7857142857142857,0.574074074074074
134,0.6493506493506495,0.7857142857142857,0.5185185185185185
135,0.0,0.0,0.0
136,0.0,0.0,0.0
137,0.3636363636363637,0.0,0.5185185185185185
138,0.0,0.0,0.0
139,0.7922077922077924,0.8214285714285714,0.7037037037037036
140,0.4415584415584416,0.0,0.6296296296296297
141,0.5584415584415585,0.8214285714285714,0.37037037037037035
142,0.7792207792207793,0.7857142857142857,0.7037037037037036
143,0.7792207792207793,0.8214285714285714,0.6851851851851851
144,0.7272727272727274,0.8214285714285714,0.611111111111111
145,0.7012987012987014,0.8214285714285714,0.574074074074074
146,0.6753246753246753,0.8214285714285714,0.537037037037037
147,0.6883116883116884,0.8214285714285714,0.5555555555555555
148,0.31168831168831174,0.8571428571428571,0.0
149,0.6753246753246753,0.7857142857142857,0.5555555555555555
150,0.0,0.0,0.0
151,0.29870129870129875,0.8214285714285714,0.0
152,0.3766233766233767,0.0,0.537037037037037
153,0.7272727272727274,0.7857142857142857,0.6296296296296297
154,0.8441558441558442,0.8214285714285714,0.7777777777777777
155,0.0,0.0,0.0
156,0.7142857142857143,0.7857142857142857,0.611111111111111
157,0.28571428571428575,0.7857142857142857,0.0
158,0.28571428571428575,0.7857142857142857,0.0
159,0.3636363636363637,0.0,0.5185185185185185
160,0.6623376623376623,0.7857142857142857,0.537037037037037
161,0.29870129870129875,0.8214285714285714,0.0
162,0.28571428571428575,0.7857142857142857,0.0
163,0.7012987012987014,0.8214285714285714,0.574074074074074
164,0.0,0.0,0.0
165,0.25974025974025977,0.7142857142857143,0.0
166,0.5584415584415585,0.8214285714285714,0.37037037037037035
167,0.28571428571428575,0.7857142857142857,0.0
168,0.6883116883116884,0.7857142857142857,0.574074074074074
169,0.7012987012987014,0.8214285714285714,0.574074074074074
170,0.31168831168831174,0.8571428571428571,0.0
171,0.6753246753246753,0.8214285714285714,0.537037037037037
172,0.6623376623376623,0.8214285714285714,0.5185185185185185
173,0.6753246753246753,0.7857142857142857,0.5555555555555555
174,0.6363636363636365,0.7142857142857143,0.537037037037037
175,0.7272727272727274,0.8214285714285714,0.611111111111111
176,0.7402597402597403,0.8214285714285714,0.6296296296296297
177,0.6493506493506495,0.7142857142857143,0.5555555555555555
178,0.7662337662337663,0.8214285714285714,0.6666666666666665
179,0.7272727272727274,0.7857142857142857,0.6296296296296297
180,0.6623376623376623,0.7857142857142857,0.537037037037037
181,0.6753246753246753,0.7857142857142857,0.5555555555555555
182,0.7012987012987014,0.8214285714285714,0.574074074074074
183,0.6233766233766235,0.7857142857142857,0.48148148148148145
184,0.28571428571428575,0.0,0.4074074074074074
185,0.6493506493506495,0.7499999999999999,0.537037037037037
186,0.0,0.0,0.0
187,0.28571428571428575,0.7857142857142857,0.0
188,0.31168831168831174,0.8571428571428571,0.0
189,0.6623376623376623,0.7142857142857143,0.574074074074074
190,0.8571428571428573,0.7857142857142857,0.8148148148148148
191,0.6753246753246753,0.7857142857142857,0.5555555555555555
192,0.38961038961038963,0.0,0.5555555555555555
193,0.3636363636363637,0.0,0.5185185185185185
194,0.42857142857142866,0.0,0.611111111111111
195,0.6623376623376623,0.7142857142857143,0.574074074074074
196,0.7142857142857143,0.8214285714285714,0.5925925925925926
197,0.6493506493506495,0.7142857142857143,0.5555555555555555
198,0.7272727272727274,0.8214285714285714,0.611111111111111
199,0.7012987012987014,0.7857142857142857,0.5925925925925926
200,0.8181818181818182,0.7857142857142857,0.7592592592592591
201,0.5584415584415585,0.7857142857142857,0.38888888888888884
202,0.6753246753246753,0.7857142857142857,0.5555555555555555
203,0.29870129870129875,0.8214285714285714,0.0
204,0.7532467532467534,0.7857142857142857,0.6666666666666665
205,0.25974025974025977,0.7142857142857143,0.0
206,0.5454545454545454,0.7857142857142857,0.37037037037037035
207,0.6883116883116884,0.8214285714285714,0.5555555555555555
208,0.5454545454545454,0.7499999999999999,0.38888888888888884
209,0.6753246753246753,0.7857142857142857,0.5555555555555555
210,0.7142857142857143,0.8214285714285714,0.5925925925925926
211,0.38961038961038963,0.0,0.5555555555555555
212,0.7532467532467534,0.8214285714285714,0.648148148148148
213,0.4545454545454546,0.0,0.648148148148148
214,0.0,0.0,0.0
215,0.6883116883116884,0.8214285714285714,0.5555555555555555
216,0.6753246753246753,0.8214285714285714,0.537037037037037
217,0.0,0.0,0.0
218,0.0,0.0,0.0
219,0.4415584415584416,0.0,0.6296296296296297
220,0.3636363636363637,0.0,0.5185185185185185
221,0.6883116883116884,0.8214285714285714,0.5555555555555555
222,0.7792207792207793,0.8214285714285714,0.6851851851851851
223,0.42857142857142866,0.0,0.611111111111111
224,0.7402597402597403,0.8214285714285714,0.6296296296296297
225,0.6493506493506495,0.0,0.9259259259259258
226,0.8571428571428573,0.7857142857142857,0.8148148148148148
227,0.6493506493506495,0.7857142857142857,0.5185185185185185
228,0.8571428571428573,0.8571428571428571,0.7777777777777777
229,0.28571428571428575,0.7857142857142857,0.0
230,0.0,0.0,0.0
231,0.29870129870129875,0.8214285714285714,0.0
232,0.6623376623376623,0.7857142857142857,0.537037037037037
233,0.6753246753246753,0.7499999999999999,0.574074074074074
234,0.0,0.0,0.0
235,0.6233766233766235,0.7142857142857143,0.5185185185185185
236,0.6363636363636365,0.7142857142857143,0.537037037037037
237,0.6883116883116884,0.8214285714285714,0.5555555555555555
238,0.6493506493506495,0.7142857142857143,0.5555555555555555
239,0.5324675324675325,0.0,0.7592592592592591
240,0.6623376623376623,0.7857142857142857,0.537037037037037
241,0.3506493506493507,0.0,0.5
242,0.29870129870129875,0.8214285714285714,0.0
243,0.29870129870129875,0.8214285714285714,0.0
244,0.5974025974025975,0.7857142857142857,0.44444444444444436
245,0.6753246753246753,0.8214285714285714,0.537037037037037
246,0.7012987012987014,0.7142857142857143,0.6296296296296297
247,0.42857142857142866,0.0,0.611111111111111
248,0.29870129870129875,0.8214285714285714,0.0
249,0.6753246753246753,0.7857142857142857,0.5555555555555555
250,0.31168831168831174,0.0,0.44444444444444436
251,0.31168831168831174,0.8571428571428571,0.0
252,0.6493506493506495,0.7857142857142857,0.5185185185185185
253,0.3506493506493507,0.9642857142857143,0.0
254,0.28571428571428575,0.7857142857142857,0.0
255,0.5454545454545454,0.7857142857142857,0.37037037037037035
256,0.7272727272727274,0.7857142857142857,0.6296296296296297
257,0.7402597402597403,0.8214285714285714,0.6296296296296297
258,0.7402597402597403,0.8214285714285714,0.6296296296296297
259,0.29870129870129875,0.8214285714285714,0.0
260,0.7922077922077924,0.7857142857142857,0.7222222222222222
261,0.8181818181818182,0.8214285714285714,0.7407407407407407
262,0.7012987012987014,0.8214285714285714,0.574074074074074
263,0.28571428571428575,0.7857142857142857,0.0
264,0.7012987012987014,0.7857142857142857,0.5925925925925926
265,0.6883116883116884,0.8214285714285714,0.5555555555555555
266,0.0,0.0,0.0
267,0.8571428571428573,0.7857142857142857,0.8148148148148148
268,0.7792207792207793,0.7857142857142857,0.7037037037037036
269,0.6103896103896104,0.7142857142857143,0.5
270,0.8571428571428573,0.8214285714285714,0.7962962962962962
271,0.6753246753246753,0.8214285714285714,0.537037037037037
272,0.6883116883116884,0.7857142857142857,0.574074074074074
273,0.6493506493506495,0.7499999999999999,0.537037037037037
274,0.6493506493506495,0.7499999999999999,0.537037037037037
275,0.7272727272727274,0.7142857142857143,0.6666666666666665
276,0.5454545454545454,0.7857142857142857,0.37037037037037035
277,0.7922077922077924,0.8214285714285714,0.7037037037037036
278,0.31168831168831174,0.8571428571428571,0.0
279,0.29870129870129875,0.8214285714285714,0.0
280,0.8311688311688312,0.7857142857142857,0.7777777777777777
281,0.0,0.0,0.0
282,0.5714285714285715,0.8214285714285714,0.38888888888888884
283,0.6753246753246753,0.8214285714285714,0.537037037037037
284,0.7272727272727274,0.8214285714285714,0.611111111111111
285,0.4155844155844156,0.0,0.5925925925925926
286,0.0,0.0,0.0
287,0.0,0.0,0.0
288,0.7272727272727274,0.7857142857142857,0.6296296296296297
289,0.6883116883116884,0.7857142857142857,0.574074074074074
290,0.4025974025974026,0.0,0.574074074074074
291,0.31168831168831174,0.8571428571428571,0.0
292,0.42857142857142866,0.0,0.611111111111111
293,0.6883116883116884,0.8214285714285714,0.5555555555555555
294,0.28571428571428575,0.7857142857142857,0.0
295,0.6883116883116884,0.8214285714285714,0.5555555555555555
296,0.6753246753246753,0.7857142857142857,0.5555555555555555
297,0.0,0.0,0.0
298,0.6753246753246753,0.7857142857142857,0.5555555555555555
299,0.38961038961038963,0.0,0.5555555555555555
300,0.6753246753246753,0.8214285714285714,0.537037037037037
301,0.0,0.0,0.0
302,0.6623376623376623,0.7857142857142857,0.537037037037037
303,0.2727272727272727,0.7499999999999999,0.0
304,0.0,0.0,0.0
305,0.0,0.0,0.0
306,0.3766233766233767,0.0,0.537037037037037
307,0.7272727272727274,0.7857142857142857,0.6296296296296297
308,0.7012987012987014,0.8214285714285714,0.574074074074074
309,0.9090909090909092,0.8214285714285714,0.8703703703703702
310,0.3506493506493507,0.0,0.5
311,0.6883116883116884,0.8214285714285714,0.5555555555555555
312,0.28571428571428575,0.7857142857142857,0.0
313,0.8441558441558442,0.7857142857142857,0.7962962962962962
314,0.4025974025974026,0.0,0.574074074074074
315,0.6753246753246753,0.7857142857142857,0.5555555555555555
316,0.42857142857142866,0.0,0.611111111111111
317,0.6883116883116884,0.8214285714285714,0.5555555555555555
318,0.29870129870129875,0.8214285714285714,0.0
319,0.3636363636363637,0.0,0.5185185185185185
320,0.6753246753246753,0.7857142857142857,0.5555555555555555
321,0.5454545454545454,0.0,0.7777777777777777
322,0.29870129870129875,0.8214285714285714,0.0
323,0.8831168831168832,0.7857142857142857,0.8518518518518517
324,0.29870129870129875,0.8214285714285714,0.0
325,0.42857142857142866,0.0,0.611111111111111
326,0.29870129870129875,0.8214285714285714,0.0
327,0.6623376623376623,0.8214285714285714,0.5185185185185185
328,0.29870129870129875,0.8214285714285714,0.0
329,0.7792207792207793,0.8214285714285714,0.6851851851851851
330,0.6623376623376623,0.7857142857142857,0.537037037037037
331,0.6233766233766235,0.7142857142857143,0.5185185185185185
332,0.0,0.0,0.0
333,0.8311688311688312,0.7857142857142857,0.7777777777777777
334,0.6753246753246753,0.7857142857142857,0.5555555555555555
335,0.3766233766233767,0.0,0.537037037037037
336,0.6623376623376623,0.8214285714285714,0.5185185185185185
337,0.38961038961038963,0.0,0.5555555555555555
338,0.28571428571428575,0.7857142857142857,0.0
339,0.3766233766233767,0.0,0.537037037037037
340,0.5194805194805195,0.7142857142857143,0.37037037037037035
341,0.3766233766233767,0.0,0.537037037037037
342,0.6753246753246753,0.7857142857142857,0.5555555555555555
343,0.6883116883116884,0.8214285714285714,0.5555555555555555
344,0.0,0.0,0.0
345,0.29870129870129875,0.8214285714285714,0.0
346,0.6623376623376623,0.7857142857142857,0.537037037037037
347,0.6623376623376623,0.7142857142857143,0.574074074074074
348,0.7532467532467534,0.7857142857142857,0.6666666666666665
349,0.8051948051948052,0.7857142857142857,0.7407407407407407
350,0.0,0.0,0.0
351,0.7532467532467534,0.8214285714285714,0.648148148148148
352,0.6883116883116884,0.7857142857142857,0.574074074074074
353,0.7792207792207793,0.7142857142857143,0.7407407407407407
354,0.6753246753246753,0.8214285714285714,0.537037037037037
355,0.9090909090909092,0.8214285714285714,0.8703703703703702
356,0.6493506493506495,0.7857142857142857,0.5185185185185185
357,0.6753246753246753,0.8214285714285714,0.537037037037037
358,0.6753246753246753,0.8214285714285714,0.537037037037037
359,0.6753246753246753,0.8214285714285714,0.537037037037037
360,0.9090909090909092,0.8214285714285714,0.8703703703703702
361,0.0,0.0,0.0
362,0.6233766233766235,0.7857142857142857,0.48148148148148145
363,0.7402597402597403,0.8214285714285714,0.6296296296296297
364,0.7532467532467534,0.8214285714285714,0.648148148148148
365,0.6753246753246753,0.7857142857142857,0.5555555555555555
366,0.7272727272727274,0.7857142857142857,0.6296296296296297
367,0.28571428571428575,0.7857142857142857,0.0
368,0.38961038961038963,0.0,0.5555555555555555
369,0.0,0.0,0.0
370,0.5454545454545454,0.7857142857142857,0.37037037037037035
371,0.5844155844155845,0.7142857142857143,0.4629629629629629
372,0.8051948051948052,0.7142857142857143,0.7777777777777777
373,0.0,0.0,0.0
374,0.6883116883116884,0.7857142857142857,0.574074074074074
375,0.3766233766233767,0.0,0.537037037037037
376,0.3766233766233767,0.0,0.537037037037037
377,0.8441558441558442,0.7857142857142857,0.7962962962962962
378,0.6883116883116884,0.8214285714285714,0.5555555555555555
379,0.6493506493506495,0.7499999999999999,0.537037037037037
380,0.8701298701298702,0.8214285714285714,0.8148148148148148
381,0.0,0.0,0.0
382,0.3766233766233767,0.0,0.537037037037037
383,0.0,0.0,0.0
384,0.6753246753246753,0.7857142857142857,0.5555555555555555
385,0.6883116883116884,0.8214285714285714,0.5555555555555555
386,0.6883116883116884,0.7857142857142857,0.574074074074074
387,0.7142857142857143,0.8214285714285714,0.5925925925925926
388,0.7272727272727274,0.8214285714285714,0.611111111111111
389,0.6883116883116884,0.8214285714285714,0.5555555555555555
390,0.6883116883116884,0.8214285714285714,0.5555555555555555
391,0.0,0.0,0.0
392,0.6883116883116884,0.8214285714285714,0.5555555555555555
393,0.7142857142857143,0.8214285714285714,0.5925925925925926
394,0.8181818181818182,0.7857142857142857,0.7592592592592591
395,0.7142857142857143,0.7857142857142857,0.611111111111111
396,0.6753246753246753,0.8214285714285714,0.537037037037037
397,0.5714285714285715,0.7857142857142857,0.4074074074074074
398,0.7272727272727274,0.8214285714285714,0.611111111111111
399,0.7142857142857143,0.7857142857142857,0.611111111111111
400,0.6753246753246753,0.7857142857142857,0.5555555555555555
401,0.3766233766233767,0.0,0.537037037037037
402,0.7402597402597403,0.8214285714285714,0.6296296296296297
403,0.0,0.0,0.0
404,0.28571428571428575,0.7857142857142857,0.0
405,0.29870129870129875,0.8214285714285714,0.0
406,0.0,0.0,0.0
407,0.6363636363636365,0.7857142857142857,0.5
408,0.6753246753246753,0.8214285714285714,0.537037037037037
409,0.5454545454545454,0.7857142857142857,0.37037037037037035
410,0.6753246753246753,0.7857142857142857,0.5555555555555555
411,0.0,0.0,0.0
412,0.3636363636363637,0.0,0.5185185185185185
413,0.6493506493506495,0.7142857142857143,0.5555555555555555
414,0.7662337662337663,0.8214285714285714,0.6666666666666665
415,0.0,0.0,0.0
416,0.6233766233766235,0.7142857142857143,0.5185185185185185
417,0.6753246753246753,0.8214285714285714,0.537037037037037
418,0.6753246753246753,0.7857142857142857,0.5555555555555555
419,0.8051948051948052,0.7857142857142857,0.7407407407407407
420,0.3766233766233767,0.0,0.537037037037037
421,0.6753246753246753,0.7142857142857143,0.5925925925925926
422,0.3766233766233767,0.0,0.537037037037037
423,0.7402597402597403,0.8214285714285714,0.6296296296296297
424,0.7142857142857143,0.8214285714285714,0.5925925925925926
425,0.7402597402597403,0.8214285714285714,0.6296296296296297
426,0.6753246753246753,0.8214285714285714,0.537037037037037
427,0.29870129870129875,0.8214285714285714,0.0
428,0.38961038961038963,0.0,0.5555555555555555
429,0.38961038961038963,0.0,0.5555555555555555
430,0.29870129870129875,0.8214285714285714,0.0
431,0.6623376623376623,0.7142857142857143,0.574074074074074
432,0.6623376623376623,0.7857142857142857,0.537037037037037
433,0.42857142857142866,0.0,0.611111111111111
434,0.28571428571428575,0.7857142857142857,0.0
435,0.25974025974025977,0.7142857142857143,0.0
436,0.3636363636363637,0.0,0.5185185185185185
437,0.6623376623376623,0.7857142857142857,0.537037037037037
438,0.28571428571428575,0.7857142857142857,0.0
439,0.7922077922077924,0.7857142857142857,0.7222222222222222
440,0.29870129870129875,0.8214285714285714,0.0
441,0.6753246753246753,0.8214285714285714,0.537037037037037
442,0.7402597402597403,0.8214285714285714,0.6296296296296297
443,0.3636363636363637,0.0,0.5185185185185185
444,0.0,0.0,0.0
445,0.0,0.0,0.0
446,0.28571428571428575,0.7857142857142857,0.0
447,0.0,0.0,0.0
448,0.6493506493506495,0.7857142857142857,0.5185185185185185
449,0.31168831168831174,0.8571428571428571,0.0
450,0.7142857142857143,0.8214285714285714,0.5925925925925926
451,0.6753246753246753,0.8214285714285714,0.537037037037037
452,0.29870129870129875,0.8214285714285714,0.0
453,0.6493506493506495,0.7857142857142857,0.5185185185185185
454,0.6753246753246753,0.7857142857142857,0.5555555555555555
455,0.29870129870129875,0.8214285714285714,0.0
456,0.7792207792207793,0.8214285714285714,0.6851851851851851
457,0.6753246753246753,0.8214285714285714,0.537037037037037
458,0.7142857142857143,0.7857142857142857,0.611111111111111
459,0.0,0.0,0.0
460,0.4025974025974026,0.0,0.574074074074074
461,0.8311688311688312,0.8214285714285714,0.7592592592592591
462,0.25974025974025977,0.7142857142857143,0.0
463,0.6883116883116884,0.8214285714285714,0.5555555555555555
464,0.0,0.0,0.0
465,0.4155844155844156,0.0,0.5925925925925926
466,0.0,0.0,0.0
467,0.7012987012987014,0.8214285714285714,0.574074074074074
468,0.29870129870129875,0.8214285714285714,0.0
469,0.7272727272727274,0.7499999999999999,0.648148148148148
470,0.7142857142857143,0.8214285714285714,0.5925925925925926
471,0.6623376623376623,0.7857142857142857,0.537037037037037
472,0.6753246753246753,0.7857142857142857,0.5555555555555555
473,0.0,0.0,0.0
474,0.5454545454545454,0.7857142857142857,0.37037037037037035
475,0.2727272727272727,0.7499999999999999,0.0
476,0.7142857142857143,0.7857142857142857,0.611111111111111
477,0.8181818181818182,0.7857142857142857,0.7592592592592591
478,0.28571428571428575,0.7857142857142857,0.0
479,0.3636363636363637,0.0,0.5185185185185185
480,0.6623376623376623,0.8214285714285714,0.5185185185185185
481,0.2727272727272727,0.0,0.38888888888888884
482,0.7142857142857143,0.8214285714285714,0.5925925925925926
483,0.8441558441558442,0.8214285714285714,0.7777777777777777
484,0.7532467532467534,0.8214285714285714,0.648148148148148
485,0.6753246753246753,0.8214285714285714,0.537037037037037
486,0.8311688311688312,0.7857142857142857,0.7777777777777777
487,0.6493506493506495,0.7857142857142857,0.5185185185185185
488,0.6493506493506495,0.7857142857142857,0.5185185185185185
489,0.29870129870129875,0.8214285714285714,0.0
490,0.38961038961038963,0.0,0.5555555555555555
491,0.28571428571428575,0.7857142857142857,0.0
492,0.6753246753246753,0.8214285714285714,0.537037037037037
493,0.6753246753246753,0.8214285714285714,0.537037037037037
494,0.3636363636363637,0.0,0.5185185185185185
495,0.29870129870129875,0.8214285714285714,0.0
496,0.28571428571428575,0.7857142857142857,0.0
497,0.29870129870129875,0.8214285714285714,0.0
498,0.38961038961038963,0.0,0.5555555555555555
499,0.31168831168831174,0.8571428571428571,0.0
500,0.6493506493506495,0.7142857142857143,0.5555555555555555
501,0.29870129870129875,0.8214285714285714,0.0
502,0.4545454545454546,0.0,0.648148148148148
503,0.8181818181818182,0.7857142857142857,0.7592592592592591
504,0.0,0.0,0.0
505,0.7142857142857143,0.7142857142857143,0.648148148148148
506,0.6623376623376623,0.8214285714285714,0.5185185185185185
507,0.29870129870129875,0.0,0.4259259259259259
508,0.3766233766233767,0.0,0.537037037037037
509,0.38961038961038963,0.0,0.5555555555555555
510,0.6623376623376623,0.8214285714285714,0.5185185185185185
511,0.0,0.0,0.0
512,0.6623376623376623,0.7857142857142857,0.537037037037037
513,0.6753246753246753,0.8214285714285714,0.537037037037037
514,0.6753246753246753,0.7857142857142857,0.5555555555555555
515,0.3636363636363637,0.0,0.5185185185185185
516,0.0,0.0,0.0
517,0.7402597402597403,0.7857142857142857,0.648148148148148
518,0.6363636363636365,0.7142857142857143,0.537037037037037
519,0.6493506493506495,0.8214285714285714,0.5
520,0.6623376623376623,0.7857142857142857,0.537037037037037
521,0.7272727272727274,0.7499999999999999,0.648148148148148
522,0.6883116883116884,0.8214285714285714,0.5555555555555555
523,0.6753246753246753,0.7857142857142857,0.5555555555555555
524,0.6623376623376623,0.7857142857142857,0.537037037037037
525,0.6753246753246753,0.8214285714285714,0.537037037037037
526,0.0,0.0,0.0
527,0.0,0.0,0.0
528,0.25974025974025977,0.7142857142857143,0.0
529,0.6753246753246753,0.8214285714285714,0.537037037037037
530,0.38961038961038963,0.0,0.5555555555555555
531,0.6493506493506495,0.8214285714285714,0.5
532,0.6753246753246753,0.8214285714285714,0.537037037037037
533,0.25974025974025977,0.0,0.37037037037037035
534,0.0,0.0,0.0
535,0.7012987012987014,0.7499999999999999,0.611111111111111
536,0.7402597402597403,0.7857142857142857,0.648148148148148
537,0.7012987012987014,0.7857142857142857,0.5925925925925926
538,0.7662337662337663,0.7857142857142857,0.6851851851851851
539,0.42857142857142866,0.0,0.611111111111111
540,0.3766233766233767,0.0,0.537037037037037
541,0.31168831168831174,0.8571428571428571,0.0
542,0.3766233766233767,0.0,0.537037037037037
543,0.7012987012987014,0.8214285714285714,0.574074074074074
544,0.6623376623376623,0.7857142857142857,0.537037037037037
545,0.2727272727272727,0.0,0.38888888888888884
546,0.7402597402597403,0.8214285714285714,0.6296296296296297
547,0.3636363636363637,0.0,0.5185185185185185
548,0.7532467532467534,0.8214285714285714,0.648148148148148
549,0.9090909090909092,0.7857142857142857,0.8888888888888887
550,0.29870129870129875,0.8214285714285714,0.0
551,0.4415584415584416,0.0,0.6296296296296297
552,0.0,0.0,0.0
553,0.6753246753246753,0.7857142857142857,0.5555555555555555
554,0.8311688311688312,0.7857142857142857,0.7777777777777777
555,0.29870129870129875,0.8214285714285714,0.0
556,0.0,0.0,0.0
557,0.6623376623376623,0.7857142857142857,0.537037037037037
558,0.3766233766233767,0.0,0.537037037037037
559,0.29870129870129875,0.8214285714285714,0.0
560,0.29870129870129875,0.8214285714285714,0.0
561,0.6753246753246753,0.7857142857142857,0.5555555555555555
562,0.6753246753246753,0.7142857142857143,0.5925925925925926
563,0.6753246753246753,0.8214285714285714,0.537037037037037
564,0.0,0.0,0.0
565,0.5714285714285715,0.7857142857142857,0.4074074074074074
566,0.7402597402597403,0.8214285714285714,0.6296296296296297
567,0.4545454545454546,0.0,0.648148148148148
568,0.6753246753246753,0.7857142857142857,0.5555555555555555
569,0.6363636363636365,0.7142857142857143,0.537037037037037
570,0.7792207792207793,0.8214285714285714,0.6851851851851851
571,0.6883116883116884,0.8214285714285714,0.5555555555555555
572,0.6753246753246753,0.7857142857142857,0.5555555555555555
573,0.38961038961038963,0.0,0.5555555555555555
574,0.6363636363636365,0.7142857142857143,0.537037037037037
575,0.6623376623376623,0.7857142857142857,0.537037037037037
576,0.29870129870129875,0.8214285714285714,0.0
577,0.0,0.0,0.0
578,0.7532467532467534,0.7857142857142857,0.6666666666666665
579,0.0,0.0,0.0
580,0.6623376623376623,0.7499999999999999,0.5555555555555555
581,0.42857142857142866,0.0,0.611111111111111
582,0.7142857142857143,0.7857142857142857,0.611111111111111
583,0.42857142857142866,0.0,0.611111111111111
584,0.6623376623376623,0.7857142857142857,0.537037037037037
585,0.0,0.0,0.0
586,0.6883116883116884,0.8214285714285714,0.5555555555555555
587,0.7402597402597403,0.8214285714285714,0.6296296296296297
588,0.3766233766233767,0.0,0.537037037037037
589,0.6623376623376623,0.7857142857142857,0.537037037037037
590,0.0,0.0,0.0
591,0.6753246753246753,0.7857142857142857,0.5555555555555555
592,0.29870129870129875,0.8214285714285714,0.0
593,0.7012987012987014,0.8214285714285714,0.574074074074074
594,0.7792207792207793,0.7857142857142857,0.7037037037037036
595,0.6493506493506495,0.7142857142857143,0.5555555555555555
596,0.25974025974025977,0.7142857142857143,0.0
597,0.0,0.0,0.0
598,0.7662337662337663,0.7857142857142857,0.6851851851851851
599,0.6753246753246753,0.8214285714285714,0.537037037037037
600,0.0,0.0,0.0
601,0.0,0.0,0.0
602,0.5454545454545454,0.7142857142857143,0.4074074074074074
603,0.6753246753246753,0.8214285714285714,0.537037037037037
604,0.0,0.0,0.0
605,0.0,0.0,0.0
606,0.7792207792207793,0.8214285714285714,0.6851851851851851
607,0.6623376623376623,0.7857142857142857,0.537037037037037
608,0.0,0.0,0.0
609,0.42857142857142866,0.0,0.611111111111111
610,0.7272727272727274,0.7857142857142857,0.6296296296296297
611,0.3766233766233767,0.0,0.537037037037037
612,0.6753246753246753,0.8214285714285714,0.537037037037037
613,0.29870129870129875,0.8214285714285714,0.0
614,0.6883116883116884,0.8214285714285714,0.5555555555555555
615,0.6883116883116884,0.8214285714285714,0.5555555555555555
616,0.6753246753246753,0.8214285714285714,0.537037037037037
617,0.8181818181818182,0.7142857142857143,0.7962962962962962
618,0.7012987012987014,0.7857142857142857,0.5925925925925926
619,0.8311688311688312,0.7857142857142857,0.7777777777777777
620,0.3766233766233767,0.0,0.537037037037037
621,0.5064935064935066,0.0,0.7222222222222222
622,0.6883116883116884,0.7857142857142857,0.574074074074074
623,0.28571428571428575,0.7857142857142857,0.0
624,0.31168831168831174,0.8571428571428571,0.0
625,0.0,0.0,0.0
626,0.0,0.0,0.0
627,0.7272727272727274,0.7857142857142857,0.6296296296296297
628,0.0,0.0,0.0
629,0.6883116883116884,0.7857142857142857,0.574074074074074
630,0.6493506493506495,0.7499999999999999,0.537037037037037
631,0.7792207792207793,0.7857142857142857,0.7037037037037036
632,0.7142857142857143,0.7857142857142857,0.611111111111111
633,0.7272727272727274,0.7857142857142857,0.6296296296296297
634,0.31168831168831174,0.8571428571428571,0.0
635,0.6623376623376623,0.7857142857142857,0.537037037037037
636,0.6493506493506495,0.7142857142857143,0.5555555555555555
637,0.7272727272727274,0.7499999999999999,0.648148148148148
638,0.7142857142857143,0.8214285714285714,0.5925925925925926
639,0.29870129870129875,0.8214285714285714,0.0
640,0.0,0.0,0.0
641,0.6883116883116884,0.8214285714285714,0.5555555555555555
642,0.0,0.0,0.0
643,0.6883116883116884,0.7499999999999999,0.5925925925925926
644,0.49350649350649356,0.0,0.7037037037037036
645,0.0,0.0,0.0
646,0.29870129870129875,0.8214285714285714,0.0
647,0.7402597402597403,0.7142857142857143,0.6851851851851851
648,0.6753246753246753,0.8214285714285714,0.537037037037037
649,0.28571428571428575,0.7857142857142857,0.0
650,0.6363636363636365,0.7499999999999999,0.5185185185185185
651,0.6623376623376623,0.8214285714285714,0.5185185185185185
652,0.28571428571428575,0.7857142857142857,0.0
653,0.38961038961038963,0.0,0.5555555555555555
654,0.7142857142857143,0.8214285714285714,0.5925925925925926
655,0.6623376623376623,0.7857142857142857,0.537037037037037
656,0.7662337662337663,0.7857142857142857,0.6851851851851851
657,0.6753246753246753,0.8214285714285714,0.537037037037037
658,0.7402597402597403,0.8214285714285714,0.6296296296296297
659,0.5714285714285715,0.8214285714285714,0.38888888888888884
660,0.7142857142857143,0.8214285714285714,0.5925925925925926
661,0.7142857142857143,0.7857142857142857,0.611111111111111
662,0.6493506493506495,0.8214285714285714,0.5
663,0.7012987012987014,0.8214285714285714,0.574074074074074
664,0.28571428571428575,0.7857142857142857,0.0
665,0.7532467532467534,0.8214285714285714,0.648148148148148
666,0.8051948051948052,0.7857142857142857,0.7407407407407407
667,0.4155844155844156,0.0,0.5925925925925926
668,0.29870129870129875,0.0,0.4259259259259259
669,0.6753246753246753,0.7857142857142857,0.5555555555555555
670,0.0,0.0,0.0
671,0.0,0.0,0.0
672,0.5454545454545454,0.7499999999999999,0.38888888888888884
673,0.8701298701298702,0.8214285714285714,0.8148148148148148
674,0.29870129870129875,0.8214285714285714,0.0
675,0.0,0.0,0.0
676,0.7532467532467534,0.8214285714285714,0.648148148148148
677,0.6493506493506495,0.7857142857142857,0.5185185185185185
678,0.7142857142857143,0.7857142857142857,0.611111111111111
679,0.7272727272727274,0.7857142857142857,0.6296296296296297
680,0.7402597402597403,0.8214285714285714,0.6296296296296297
681,0.0,0.0,0.0
682,0.25974025974025977,0.7142857142857143,0.0
683,0.5584415584415585,0.8214285714285714,0.37037037037037035
684,0.25974025974025977,0.7142857142857143,0.0
685,0.4415584415584416,0.0,0.6296296296296297
686,0.6753246753246753,0.8214285714285714,0.537037037037037
687,0.6493506493506495,0.7857142857142857,0.5185185185185185
688,0.25974025974025977,0.0,0.37037037037037035
689,0.8831168831168832,0.8214285714285714,0.8333333333333333
690,0.7792207792207793,0.7857142857142857,0.7037037037037036
691,0.6883116883116884,0.8214285714285714,0.5555555555555555
692,0.7142857142857143,0.7857142857142857,0.611111111111111
693,0.8311688311688312,0.8214285714285714,0.7592592592592591
694,0.6623376623376623,0.7499999999999999,0.5555555555555555
695,0.0,0.0,0.0
696,0.6753246753246753,0.8214285714285714,0.537037037037037
697,0.6753246753246753,0.8214285714285714,0.537037037037037
698,0.7142857142857143,0.7857142857142857,0.611111111111111
699,0.7012987012987014,0.7857142857142857,0.5925925925925926
700,0.0,0.0,0.0
701,0.6883116883116884,0.8214285714285714,0.5555555555555555
702,0.7402597402597403,0.8214285714285714,0.6296296296296297
703,0.8571428571428573,0.7857142857142857,0.8148148148148148
704,0.6753246753246753,0.7857142857142857,0.5555555555555555
705,0.7142857142857143,0.8214285714285714,0.5925925925925926
706,0.8311688311688312,0.7857142857142857,0.7777777777777777
707,0.7402597402597403,0.8571428571428571,0.611111111111111
708,0.29870129870129875,0.8214285714285714,0.0
709,0.0,0.0,0.0
710,0.3506493506493507,0.0,0.5
711,0.3766233766233767,0.0,0.537037037037037
712,0.7272727272727274,0.8214285714285714,0.611111111111111
713,0.0,0.0,0.0
714,0.8441558441558442,0.7857142857142857,0.7962962962962962
715,0.7142857142857143,0.7857142857142857,0.611111111111111
716,0.7402597402597403,0.8214285714285714,0.6296296296296297
717,0.6493506493506495,0.7499999999999999,0.537037037037037
718,0.7532467532467534,0.7857142857142857,0.6666666666666665
719,0.6493506493506495,0.7142857142857143,0.5555555555555555
720,0.5714285714285715,0.8214285714285714,0.38888888888888884
721,0.8961038961038961,0.8214285714285714,0.8518518518518517
722,0.3636363636363637,0.0,0.5185185185185185
723,0.29870129870129875,0.0,0.4259259259259259
724,0.7532467532467534,0.8214285714285714,0.648148148148148
725,0.6753246753246753,0.7857142857142857,0.5555555555555555
726,0.6623376623376623,0.7857142857142857,0.537037037037037
727,0.0,0.0,0.0
728,0.6363636363636365,0.7499999999999999,0.5185185185185185
729,0.6623376623376623,0.7499999999999999,0.5555555555555555
730,0.8311688311688312,0.8214285714285714,0.7592592592592591
731,0.7272727272727274,0.8214285714285714,0.611111111111111
732,0.7402597402597403,0.7857142857142857,0.648148148148148
733,0.38961038961038963,0.0,0.5555555555555555
734,0.0,0.0,0.0
735,0.3636363636363637,0.0,0.5185185185185185
736,0.7142857142857143,0.8214285714285714,0.5925925925925926
737,0.29870129870129875,0.8214285714285714,0.0
738,0.7142857142857143,0.8214285714285714,0.5925925925925926
739,0.29870129870129875,0.8214285714285714,0.0
740,0.0,0.0,0.0
741,0.0,0.0,0.0
742,0.7272727272727274,0.7857142857142857,0.6296296296296297
743,0.7012987012987014,0.8214285714285714,0.574074074074074
744,0.29870129870129875,0.8214285714285714,0.0
745,0.29870129870129875,0.8214285714285714,0.0
746,0.7272727272727274,0.7857142857142857,0.6296296296296297
747,0.6623376623376623,0.7857142857142857,0.537037037037037
748,0.6883116883116884,0.8214285714285714,0.5555555555555555
749,0.7662337662337663,0.7857142857142857,0.6851851851851851
750,0.5974025974025975,0.7142857142857143,0.48148148148148145
751,0.6883116883116884,0.7142857142857143,0.611111111111111
752,0.6623376623376623,0.7857142857142857,0.537037037037037
753,0.6883116883116884,0.8214285714285714,0.5555555555555555
754,0.7272727272727274,0.7857142857142857,0.6296296296296297
755,0.5844155844155845,0.0,0.8333333333333333
756,0.5454545454545454,0.7857142857142857,0.37037037037037035
757,0.6883116883116884,0.7857142857142857,0.574074074074074
758,0.7922077922077924,0.7857142857142857,0.7222222222222222
759,0.7402597402597403,0.7857142857142857,0.648148148148148
760,0.3766233766233767,0.0,0.537037037037037
761,0.7142857142857143,0.7857142857142857,0.611111111111111
762,0.6493506493506495,0.7857142857142857,0.5185185185185185
763,0.3766233766233767,0.0,0.537037037037037
764,0.6883116883116884,0.8214285714285714,0.5555555555555555
765,0.6623376623376623,0.7857142857142857,0.537037037037037
766,0.7402597402597403,0.8214285714285714,0.6296296296296297
767,0.5714285714285715,0.7142857142857143,0.44444444444444436
768,0.0,0.0,0.0
769,0.3766233766233767,0.0,0.537037037037037
770,0.3636363636363637,0.0,0.5185185185185185
771,0.7142857142857143,0.7857142857142857,0.611111111111111
772,0.6753246753246753,0.8214285714285714,0.537037037037037
773,0.29870129870129875,0.8214285714285714,0.0
774,0.6493506493506495,0.7857142857142857,0.5185185185185185
775,0.7142857142857143,0.7857142857142857,0.611111111111111
776,0.0,0.0,0.0
777,0.6493506493506495,0.7857142857142857,0.5185185185185185
778,0.38961038961038963,0.0,0.5555555555555555
779,0.4025974025974026,0.0,0.574074074074074
780,0.0,0.0,0.0
781,0.8051948051948052,0.7857142857142857,0.7407407407407407
782,0.6623376623376623,0.8214285714285714,0.5185185185185185
783,0.6623376623376623,0.7142857142857143,0.574074074074074
784,0.8311688311688312,0.7857142857142857,0.7777777777777777
785,0.5454545454545454,0.0,0.7777777777777777
786,0.6233766233766235,0.7857142857142857,0.48148148148148145
787,0.29870129870129875,0.8214285714285714,0.0
788,0.6883116883116884,0.8214285714285714,0.5555555555555555
789,0.6883116883116884,0.8214285714285714,0.5555555555555555
790,0.6883116883116884,0.7142857142857143,0.611111111111111
791,0.28571428571428575,0.7857142857142857,0.0
792,0.0,0.0,0.0
793,0.6493506493506495,0.7142857142857143,0.5555555555555555
794,0.0,0.0,0.0
795,0.28571428571428575,0.7857142857142857,0.0
796,0.6363636363636365,0.7142857142857143,0.537037037037037
797,0.8441558441558442,0.8214285714285714,0.7777777777777777
798,0.6753246753246753,0.7857142857142857,0.5555555555555555
799,0.3766233766233767,0.0,0.537037037037037
800,0.6753246753246753,0.7857142857142857,0.5555555555555555
801,0.7012987012987014,0.8214285714285714,0.574074074074074
802,0.2727272727272727,0.7499999999999999,0.0
803,0.6493506493506495,0.7857142857142857,0.5185185185185185
804,0.6883116883116884,0.8214285714285714,0.5555555555555555
805,0.6883116883116884,0.8214285714285714,0.5555555555555555
806,0.28571428571428575,0.7857142857142857,0.0
807,0.6233766233766235,0.8214285714285714,0.4629629629629629
808,0.7272727272727274,0.8214285714285714,0.611111111111111
809,0.29870129870129875,0.0,0.4259259259259259
810,0.6883116883116884,0.8214285714285714,0.5555555555555555
811,0.8051948051948052,0.8214285714285714,0.7222222222222222
812,0.6623376623376623,0.8214285714285714,0.5185185185185185
813,0.5064935064935066,0.0,0.7222222222222222
814,0.31168831168831174,0.0,0.44444444444444436
815,0.6753246753246753,0.7857142857142857,0.5555555555555555
816,0.6753246753246753,0.7857142857142857,0.5555555555555555
817,0.38961038961038963,0.0,0.5555555555555555
818,0.7402597402597403,0.8214285714285714,0.6296296296296297
819,0.28571428571428575,0.7857142857142857,0.0
820,0.28571428571428575,0.7857142857142857,0.0
821,0.25974025974025977,0.0,0.37037037037037035
822,0.6753246753246753,0.7857142857142857,0.5555555555555555
823,0.6753246753246753,0.8214285714285714,0.537037037037037
824,0.7272727272727274,0.7857142857142857,0.6296296296296297
825,0.31168831168831174,0.8571428571428571,0.0
826,0.3636363636363637,0.0,0.5185185185185185
827,0.29870129870129875,0.8214285714285714,0.0
828,0.6363636363636365,0.7142857142857143,0.537037037037037
829,0.6883116883116884,0.8214285714285714,0.5555555555555555
830,0.6883116883116884,0.8214285714285714,0.5555555555555555
831,0.7272727272727274,0.7142857142857143,0.6666666666666665
832,0.7272727272727274,0.7857142857142857,0.6296296296296297
833,0.38961038961038963,0.0,0.5555555555555555
834,0.4155844155844156,0.0,0.5925925925925926
835,0.6493506493506495,0.7499999999999999,0.537037037037037
836,0.0,0.0,0.0
837,0.9220779220779223,0.8214285714285714,0.8888888888888887
838,0.7402597402597403,0.8214285714285714,0.6296296296296297
839,0.8701298701298702,0.8214285714285714,0.8148148148148148
840,0.7142857142857143,0.7857142857142857,0.611111111111111
841,0.6493506493506495,0.7857142857142857,0.5185185185185185
842,0.7532467532467534,0.8214285714285714,0.648148148148148
843,0.3766233766233767,0.0,0.537037037037037
844,0.8831168831168832,0.7142857142857143,0.8888888888888887
845,0.3636363636363637,0.0,0.5185185185185185
846,0.29870129870129875,0.8214285714285714,0.0
847,0.0,0.0,0.0
848,0.6883116883116884,0.7857142857142857,0.574074074074074
849,0.6883116883116884,0.7142857142857143,0.611111111111111
850,0.7272727272727274,0.7857142857142857,0.6296296296296297
851,0.29870129870129875,0.8214285714285714,0.0
852,0.0,0.0,0.0
853,0.6233766233766235,0.8214285714285714,0.4629629629629629
854,0.6883116883116884,0.8214285714285714,0.5555555555555555
855,0.3766233766233767,0.0,0.537037037037037
856,0.6623376623376623,0.7857142857142857,0.537037037037037
857,0.38961038961038963,0.0,0.5555555555555555
858,0.6623376623376623,0.7857142857142857,0.537037037037037
859,0.25974025974025977,0.7142857142857143,0.0
860,0.6103896103896104,0.0,0.8703703703703702
861,0.7142857142857143,0.8214285714285714,0.5925925925925926
862,0.8311688311688312,0.7857142857142857,0.7777777777777777
863,0.6753246753246753,0.7857142857142857,0.5555555555555555
864,0.4025974025974026,0.0,0.574074074074074
865,0.28571428571428575,0.7857142857142857,0.0
866,0.6753246753246753,0.7857142857142857,0.5555555555555555
867,0.2727272727272727,0.0,0.38888888888888884
868,0.4025974025974026,0.0,0.574074074074074
869,0.31168831168831174,0.8571428571428571,0.0
870,0.0,0.0,0.0
871,0.3766233766233767,0.0,0.537037037037037
872,0.33766233766233766,0.0,0.48148148148148145
873,0.6493506493506495,0.7142857142857143,0.5555555555555555
874,0.6363636363636365,0.7499999999999999,0.5185185185185185
875,0.6753246753246753,0.7857142857142857,0.5555555555555555
876,0.6883116883116884,0.7857142857142857,0.574074074074074
877,0.38961038961038963,0.0,0.5555555555555555
878,0.3766233766233767,0.0,0.537037037037037
879,0.7532467532467534,0.8214285714285714,0.648148148148148
880,0.6753246753246753,0.7857142857142857,0.5555555555555555
881,0.7272727272727274,0.8214285714285714,0.611111111111111
882,0.6493506493506495,0.7857142857142857,0.5185185185185185
883,0.28571428571428575,0.7857142857142857,0.0
884,0.6883116883116884,0.7857142857142857,0.574074074074074
885,0.38961038961038963,0.0,0.5555555555555555
886,0.25974025974025977,0.0,0.37037037037037035
887,0.0,0.0,0.0
888,0.6883116883116884,0.8214285714285714,0.5555555555555555
889,0.9350649350649352,0.8214285714285714,0.9074074074074073
890,0.6623376623376623,0.8214285714285714,0.5185185185185185
891,0.8441558441558442,0.7857142857142857,0.7962962962962962
892,0.6883116883116884,0.8214285714285714,0.5555555555555555
893,0.7142857142857143,0.7857142857142857,0.611111111111111
894,0.6493506493506495,0.7142857142857143,0.5555555555555555
895,0.29870129870129875,0.8214285714285714,0.0
896,0.6753246753246753,0.8214285714285714,0.537037037037037
897,0.3766233766233767,0.0,0.537037037037037
898,0.7402597402597403,0.8214285714285714,0.6296296296296297
899,0.5844155844155845,0.7857142857142857,0.4259259259259259
900,0.31168831168831174,0.8571428571428571,0.0
901,0.6493506493506495,0.7499999999999999,0.537037037037037
902,0.6883116883116884,0.8214285714285714,0.5555555555555555
903,0.29870129870129875,0.8214285714285714,0.0
904,0.6753246753246753,0.8214285714285714,0.537037037037037
905,0.3636363636363637,0.0,0.5185185185185185
906,0.29870129870129875,0.8214285714285714,0.0
907,0.6623376623376623,0.8214285714285714,0.5185185185185185
908,0.6493506493506495,0.7857142857142857,0.5185185185185185
909,0.7142857142857143,0.7857142857142857,0.611111111111111
910,0.2727272727272727,0.7499999999999999,0.0
911,0.7272727272727274,0.8214285714285714,0.611111111111111
912,0.7012987012987014,0.8214285714285714,0.574074074074074
913,0.0,0.0,0.0
914,0.28571428571428575,0.7857142857142857,0.0
915,0.29870129870129875,0.8214285714285714,0.0
916,0.7142857142857143,0.8214285714285714,0.5925925925925926
917,0.6753246753246753,0.7857142857142857,0.5555555555555555
918,0.6493506493506495,0.7857142857142857,0.5185185185185185
919,0.0,0.0,0.0
920,0.0,0.0,0.0
921,0.7142857142857143,0.8214285714285714,0.5925925925925926
922,0.29870129870129875,0.8214285714285714,0.0
923,0.4155844155844156,0.0,0.5925925925925926
924,0.7402597402597403,0.8214285714285714,0.6296296296296297
925,0.28571428571428575,0.0,0.4074074074074074
926,0.28571428571428575,0.7857142857142857,0.0
927,0.6493506493506495,0.7857142857142857,0.5185185185185185
928,0.6753246753246753,0.7857142857142857,0.5555555555555555
929,0.38961038961038963,0.0,0.5555555555555555
930,0.6753246753246753,0.8214285714285714,0.537037037037037
931,0.0,0.0,0.0
932,0.6753246753246753,0.8214285714285714,0.537037037037037
933,0.29870129870129875,0.8214285714285714,0.0
934,0.7272727272727274,0.8214285714285714,0.611111111111111
935,0.6623376623376623,0.8214285714285714,0.5185185185185185
936,0.6883116883116884,0.8214285714285714,0.5555555555555555
937,0.4675324675324676,0.0,0.6666666666666665
938,0.0,0.0,0.0
939,0.6623376623376623,0.7857142857142857,0.537037037037037
940,0.7272727272727274,0.8214285714285714,0.611111111111111
941,0.6623376623376623,0.7142857142857143,0.574074074074074
942,0.5844155844155845,0.7857142857142857,0.4259259259259259
943,0.7402597402597403,0.7142857142857143,0.6851851851851851
944,0.5584415584415585,0.8214285714285714,0.37037037037037035
945,0.29870129870129875,0.8214285714285714,0.0
946,0.0,0.0,0.0
947,0.3766233766233767,0.0,0.537037037037037
948,0.6883116883116884,0.8214285714285714,0.5555555555555555
949,0.7142857142857143,0.7142857142857143,0.648148148148148
950,0.0,0.0,0.0
951,0.8441558441558442,0.8214285714285714,0.7777777777777777
952,0.31168831168831174,0.8571428571428571,0.0
953,0.4805194805194805,0.0,0.6851851851851851
954,0.6753246753246753,0.8214285714285714,0.537037037037037
955,0.5714285714285715,0.7857142857142857,0.4074074074074074
956,0.28571428571428575,0.0,0.4074074074074074
957,0.7922077922077924,0.8214285714285714,0.7037037037037036
958,0.3766233766233767,0.0,0.537037037037037
959,0.8311688311688312,0.7857142857142857,0.7777777777777777
960,0.6883116883116884,0.7857142857142857,0.574074074074074
961,0.6363636363636365,0.7499999999999999,0.5185185185185185
962,0.4675324675324676,0.0,0.6666666666666665
963,0.6883116883116884,0.7857142857142857,0.574074074074074
964,0.0,0.0,0.0
965,0.6103896103896104,0.7857142857142857,0.4629629629629629
966,0.6883116883116884,0.7857142857142857,0.574074074074074
967,0.3766233766233767,0.0,0.537037037037037
968,0.6753246753246753,0.7857142857142857,0.5555555555555555
969,0.6753246753246753,0.8214285714285714,0.537037037037037
970,0.7012987012987014,0.8214285714285714,0.574074074074074
971,0.6493506493506495,0.7857142857142857,0.5185185185185185
972,0.3766233766233767,0.0,0.537037037037037
973,0.7402597402597403,0.8214285714285714,0.6296296296296297
974,0.6753246753246753,0.7857142857142857,0.5555555555555555
975,0.0,0.0,0.0
976,0.7272727272727274,0.7857142857142857,0.6296296296296297
977,0.6753246753246753,0.8214285714285714,0.537037037037037
978,0.6493506493506495,0.7499999999999999,0.537037037037037
979,0.8051948051948052,0.7142857142857143,0.7777777777777777
980,0.6363636363636365,0.7857142857142857,0.5
981,0.6623376623376623,0.7857142857142857,0.537037037037037
982,0.8441558441558442,0.7857142857142857,0.7962962962962962
983,0.31168831168831174,0.8571428571428571,0.0
984,0.8961038961038961,0.7857142857142857,0.8703703703703702
985,0.29870129870129875,0.8214285714285714,0.0
986,0.6883116883116884,0.7857142857142857,0.574074074074074
987,0.7402597402597403,0.8214285714285714,0.6296296296296297
988,0.7402597402597403,0.7857142857142857,0.648148148148148
989,0.6883116883116884,0.8214285714285714,0.5555555555555555
990,0.6753246753246753,0.8214285714285714,0.537037037037037
991,0.31168831168831174,0.8571428571428571,0.0
992,0.7402597402597403,0.8214285714285714,0.6296296296296297
993,0.28571428571428575,0.7857142857142857,0.0
994,0.6623376623376623,0.7499999999999999,0.5555555555555555
995,0.7402597402597403,0.8214285714285714,0.6296296296296297
996,0.6493506493506495,0.7142857142857143,0.5555555555555555
997,0.8311688311688312,0.8214285714285714,0.7592592592592591
998,0.8181818181818182,0.7857142857142857,0.7592592592592591
999,0.0,0.0,0.0
1000,0.7272727272727274,0.7857142857142857,0.6296296296296297
1001,0.8701298701298702,0.7857142857142857,0.8333333333333333
1002,0.6883116883116884,0.7857142857142857,0.574074074074074
1003,0.31168831168831174,0.8571428571428571,0.0
1004,0.6623376623376623,0.7857142857142857,0.537037037037037
1005,0.7012987012987014,0.8214285714285714,0.574074074074074
1006,0.7402597402597403,0.8214285714285714,0.6296296296296297
1007,0.7532467532467534,0.7142857142857143,0.7037037037037036
1008,0.6753246753246753,0.8214285714285714,0.537037037037037
1009,0.6883116883116884,0.7857142857142857,0.574074074074074
1010,0.31168831168831174,0.8571428571428571,0.0
1011,0.6883116883116884,0.8214285714285714,0.5555555555555555
1012,0.6753246753246753,0.8214285714285714,0.537037037037037
1013,0.6753246753246753,0.8214285714285714,0.537037037037037
1014,0.29870129870129875,0.0,0.4259259259259259
1015,0.3766233766233767,0.0,0.537037037037037
1016,0.6753246753246753,0.7857142857142857,0.5555555555555555
1017,0.6623376623376623,0.7142857142857143,0.574074074074074
1018,0.7662337662337663,0.7857142857142857,0.6851851851851851
1019,0.8051948051948052,0.8214285714285714,0.7222222222222222
1020,0.3636363636363637,0.0,0.5185185185185185
1021,0.7142857142857143,0.7857142857142857,0.611111111111111
1022,0.7272727272727274,0.7857142857142857,0.6296296296296297
1023,0.25974025974025977,0.7142857142857143,0.0
1024,0.6753246753246753,0.7857142857142857,0.5555555555555555
1025,0.6883116883116884,0.8214285714285714,0.5555555555555555
1026,0.3766233766233767,0.0,0.537037037037037
1027,0.5974025974025975,0.0,0.8518518518518517
1028,0.6493506493506495,0.8214285714285714,0.5
1029,0.7142857142857143,0.7857142857142857,0.611111111111111
1030,0.28571428571428575,0.7857142857142857,0.0
1031,0.4025974025974026,0.0,0.574074074074074
1032,0.7402597402597403,0.8214285714285714,0.6296296296296297
1033,0.6883116883116884,0.8214285714285714,0.5555555555555555
1034,0.3636363636363637,0.0,0.5185185185185185
1035,0.6623376623376623,0.7857142857142857,0.537037037037037
1036,0.6883116883116884,0.7857142857142857,0.574074074074074
1037,0.7402597402597403,0.8214285714285714,0.6296296296296297
1038,0.31168831168831174,0.8571428571428571,0.0
1039,0.0,0.0,0.0
1040,0.6753246753246753,0.8214285714285714,0.537037037037037
1041,0.28571428571428575,0.7857142857142857,0.0
1042,0.6493506493506495,0.8214285714285714,0.5
1043,0.7012987012987014,0.8214285714285714,0.574074074074074
1044,0.7272727272727274,0.8214285714285714,0.611111111111111
1045,0.6883116883116884,0.8214285714285714,0.5555555555555555
1046,0.6623376623376623,0.7857142857142857,0.537037037037037
1047,0.3636363636363637,0.0,0.5185185185185185
1048,0.5584415584415585,0.8214285714285714,0.37037037037037035
1049,0.29870129870129875,0.8214285714285714,0.0
1050,0.25974025974025977,0.0,0.37037037037037035
1051,0.25974025974025977,0.0,0.37037037037037035
1052,0.3636363636363637,0.0,0.5185185185185185
1053,0.4545454545454546,0.0,0.648148148148148
1054,0.42857142857142866,0.0,0.611111111111111
1055,0.7662337662337663,0.8214285714285714,0.6666666666666665
1056,0.29870129870129875,0.8214285714285714,0.0
1057,0.7272727272727274,0.8214285714285714,0.611111111111111
1058,0.0,0.0,0.0
1059,0.0,0.0,0.0
1060,0.3766233766233767,0.0,0.537037037037037
1061,0.7662337662337663,0.7857142857142857,0.6851851851851851
1062,0.7142857142857143,0.8214285714285714,0.5925925925925926
1063,0.8311688311688312,0.8214285714285714,0.7592592592592591
1064,0.7402597402597403,0.8214285714285714,0.6296296296296297
1065,0.6623376623376623,0.7499999999999999,0.5555555555555555
1066,0.6753246753246753,0.7857142857142857,0.5555555555555555
1067,0.6623376623376623,0.7857142857142857,0.537037037037037
1068,0.7142857142857143,0.8214285714285714,0.5925925925925926
1069,0.7012987012987014,0.7857142857142857,0.5925925925925926
1070,0.6883116883116884,0.7857142857142857,0.574074074074074
1071,0.7012987012987014,0.8214285714285714,0.574074074074074
1072,0.6753246753246753,0.8214285714285714,0.537037037037037
1073,0.5844155844155845,0.8214285714285714,0.4074074074074074
1074,0.6753246753246753,0.8214285714285714,0.537037037037037
1075,0.3766233766233767,0.0,0.537037037037037
1076,0.4155844155844156,0.0,0.5925925925925926
1077,0.3766233766233767,0.0,0.537037037037037
1078,0.28571428571428575,0.7857142857142857,0.0
1079,0.7012987012987014,0.7857142857142857,0.5925925925925926
1080,0.0,0.0,0.0
1081,0.31168831168831174,0.8571428571428571,0.0
1082,0.6493506493506495,0.7142857142857143,0.5555555555555555
1083,0.25974025974025977,0.0,0.37037037037037035
1084,0.6883116883116884,0.8214285714285714,0.5555555555555555
1085,0.31168831168831174,0.8571428571428571,0.0
1086,0.6753246753246753,0.7857142857142857,0.5555555555555555
1087,0.3636363636363637,0.0,0.5185185185185185
1088,0.6493506493506495,0.7499999999999999,0.537037037037037
1089,0.7142857142857143,0.7142857142857143,0.648148148148148
1090,0.5974025974025975,0.7499999999999999,0.4629629629629629
1091,0.29870129870129875,0.8214285714285714,0.0
1092,0.38961038961038963,0.0,0.5555555555555555
1093,0.7272727272727274,0.7857142857142857,0.6296296296296297
1094,0.6883116883116884,0.8214285714285714,0.5555555555555555
1095,0.8311688311688312,0.7857142857142857,0.7777777777777777
1096,0.5584415584415585,0.7857142857142857,0.38888888888888884
1097,0.31168831168831174,0.8571428571428571,0.0
1098,0.31168831168831174,0.8571428571428571,0.0
1099,0.8181818181818182,0.7857142857142857,0.7592592592592591
1100,0.25974025974025977,0.7142857142857143,0.0
1101,0.8051948051948052,0.7857142857142857,0.7407407407407407
1102,0.7922077922077924,0.7857142857142857,0.7222222222222222
1103,0.4025974025974026,0.0,0.574074074074074
1104,0.7922077922077924,0.8214285714285714,0.7037037037037036
1105,0.4545454545454546,0.0,0.648148148148148
1106,0.0,0.0,0.0
1107,0.6363636363636365,0.7857142857142857,0.5
1108,0.2727272727272727,0.0,0.38888888888888884
1109,0.29870129870129875,0.8214285714285714,0.0
1110,0.3766233766233767,0.0,0.537037037037037
1111,0.4675324675324676,0.0,0.6666666666666665
1112,0.6623376623376623,0.7857142857142857,0.537037037037037
1113,0.6753246753246753,0.8214285714285714,0.537037037037037
1114,0.0,0.0,0.0
1115,0.7142857142857143,0.8214285714285714,0.5925925925925926
1116,0.4025974025974026,0.0,0.574074074074074
1117,0.38961038961038963,0.0,0.5555555555555555
1118,0.5584415584415585,0.7857142857142857,0.38888888888888884
1119,0.6753246753246753,0.8214285714285714,0.537037037037037
1120,0.3766233766233767,0.0,0.537037037037037
1121,0.6753246753246753,0.7857142857142857,0.5555555555555555
1122,0.0,0.0,0.0
1123,0.29870129870129875,0.8214285714285714,0.0
1124,0.8051948051948052,0.8214285714285714,0.7222222222222222
1125,0.3766233766233767,0.0,0.537037037037037
1126,0.7922077922077924,0.8214285714285714,0.7037037037037036
1127,0.6623376623376623,0.7857142857142857,0.537037037037037
1128,0.6493506493506495,0.7857142857142857,0.5185185185185185
1129,0.6753246753246753,0.8214285714285714,0.537037037037037
1130,0.7272727272727274,0.7857142857142857,0.6296296296296297
1131,0.6753246753246753,0.7857142857142857,0.5555555555555555
1132,0.6493506493506495,0.7857142857142857,0.5185185185185185
1133,0.7012987012987014,0.8214285714285714,0.574074074074074
1134,0.29870129870129875,0.8214285714285714,0.0
1135,0.29870129870129875,0.8214285714285714,0.0
1136,0.31168831168831174,0.8571428571428571,0.0
1137,0.29870129870129875,0.8214285714285714,0.0
1138,0.29870129870129875,0.8214285714285714,0.0
1139,0.6753246753246753,0.8214285714285714,0.537037037037037
1140,0.6753246753246753,0.8214285714285714,0.537037037037037
1141,0.7142857142857143,0.7857142857142857,0.611111111111111
1142,0.3506493506493507,0.0,0.5
1143,0.2727272727272727,0.0,0.38888888888888884
1144,0.38961038961038963,0.0,0.5555555555555555
1145,0.28571428571428575,0.7857142857142857,0.0
1146,0.7402597402597403,0.7857142857142857,0.648148148148148
1147,0.3636363636363637,0.0,0.5185185185185185
1148,0.7012987012987014,0.7857142857142857,0.5925925925925926
1149,0.0,0.0,0.0
1150,0.6883116883116884,0.8214285714285714,0.5555555555555555
1151,0.7662337662337663,0.8214285714285714,0.6666666666666665
1152,0.3766233766233767,0.0,0.537037037037037
1153,0.6883116883116884,0.7857142857142857,0.574074074074074
1154,0.6883116883116884,0.8214285714285714,0.5555555555555555
1155,0.6753246753246753,0.8214285714285714,0.537037037037037
1156,0.6233766233766235,0.7142857142857143,0.5185185185185185
1157,0.29870129870129875,0.8214285714285714,0.0
1158,0.6753246753246753,0.7857142857142857,0.5555555555555555
1159,0.6753246753246753,0.8214285714285714,0.537037037037037
1160,0.5844155844155845,0.0,0.8333333333333333
1161,0.8181818181818182,0.8214285714285714,0.7407407407407407
1162,0.29870129870129875,0.8214285714285714,0.0
1163,0.6883116883116884,0.8214285714285714,0.5555555555555555
1164,0.25974025974025977,0.0,0.37037037037037035
1165,0.6493506493506495,0.7142857142857143,0.5555555555555555
1166,0.7012987012987014,0.7857142857142857,0.5925925925925926
1167,0.6623376623376623,0.8214285714285714,0.5185185185185185
1168,0.0,0.0,0.0
1169,0.6753246753246753,0.7857142857142857,0.5555555555555555
1170,0.5324675324675325,0.7499999999999999,0.37037037037037035
1171,0.6363636363636365,0.7142857142857143,0.537037037037037
1172,0.29870129870129875,0.8214285714285714,0.0
1173,0.3766233766233767,0.0,0.537037037037037
1174,0.3636363636363637,0.0,0.5185185185185185
1175,0.28571428571428575,0.0,0.4074074074074074
1176,0.4805194805194805,0.0,0.6851851851851851
1177,0.7402597402597403,0.7857142857142857,0.648148148148148
1178,0.29870129870129875,0.8214285714285714,0.0
1179,0.6363636363636365,0.7142857142857143,0.537037037037037
1180,0.28571428571428575,0.7857142857142857,0.0
1181,0.7012987012987014,0.8214285714285714,0.574074074074074
1182,0.3766233766233767,0.0,0.537037037037037
1183,0.6623376623376623,0.7142857142857143,0.574074074074074
1184,0.5324675324675325,0.7499999999999999,0.37037037037037035
1185,0.7532467532467534,0.8214285714285714,0.648148148148148
1186,0.6623376623376623,0.7142857142857143,0.574074074074074
1187,0.5454545454545454,0.7857142857142857,0.37037037037037035
1188,0.42857142857142866,0.0,0.611111111111111
1189,0.29870129870129875,0.8214285714285714,0.0
1190,0.5584415584415585,0.7857142857142857,0.38888888888888884
1191,0.7272727272727274,0.8214285714285714,0.611111111111111
1192,0.5194805194805195,0.7142857142857143,0.37037037037037035
1193,0.8701298701298702,0.7857142857142857,0.8333333333333333
1194,0.6623376623376623,0.8214285714285714,0.5185185185185185
1195,0.7402597402597403,0.8214285714285714,0.6296296296296297
1196,0.7272727272727274,0.8214285714285714,0.611111111111111
1197,0.3636363636363637,0.0,0.5185185185185185
1198,0.7012987012987014,0.8214285714285714,0.574074074074074
1199,0.29870129870129875,0.8214285714285714,0.0
1200,0.0,0.0,0.0
1201,0.6623376623376623,0.7857142857142857,0.537037037037037
1202,0.0,0.0,0.0
1203,0.38961038961038963,0.0,0.5555555555555555
1204,0.7792207792207793,0.7857142857142857,0.7037037037037036
1205,0.28571428571428575,0.7857142857142857,0.0
1206,0.6623376623376623,0.7857142857142857,0.537037037037037
1207,0.7142857142857143,0.7857142857142857,0.611111111111111
1208,0.6753246753246753,0.8214285714285714,0.537037037037037
1209,0.28571428571428575,0.7857142857142857,0.0
1210,0.4155844155844156,0.0,0.5925925925925926
1211,0.5454545454545454,0.7857142857142857,0.37037037037037035
1212,0.28571428571428575,0.7857142857142857,0.0
1213,0.0,0.0,0.0
1214,0.29870129870129875,0.8214285714285714,0.0
1215,0.7532467532467534,0.7857142857142857,0.6666666666666665
1216,0.6103896103896104,0.7857142857142857,0.4629629629629629
1217,0.0,0.0,0.0
1218,0.6753246753246753,0.8214285714285714,0.537037037037037
1219,0.38961038961038963,0.0,0.5555555555555555
1220,0.6753246753246753,0.8214285714285714,0.537037037037037
1221,0.29870129870129875,0.8214285714285714,0.0
1222,0.5714285714285715,0.7857142857142857,0.4074074074074074
1223,0.7012987012987014,0.8214285714285714,0.574074074074074
1224,0.6883116883116884,0.7142857142857143,0.611111111111111
1225,0.6363636363636365,0.7857142857142857,0.5
1226,0.6883116883116884,0.7499999999999999,0.5925925925925926
1227,0.25974025974025977,0.7142857142857143,0.0
1228,0.0,0.0,0.0
1229,0.8571428571428573,0.8214285714285714,0.7962962962962962
1230,0.6623376623376623,0.7499999999999999,0.5555555555555555
1231,0.4675324675324676,0.0,0.6666666666666665
1232,0.6753246753246753,0.7857142857142857,0.5555555555555555
1233,0.6493506493506495,0.7499999999999999,0.537037037037037
1234,0.6753246753246753,0.7857142857142857,0.5555555555555555
1235,0.0,0.0,0.0
1236,0.7142857142857143,0.7857142857142857,0.611111111111111
1237,0.6753246753246753,0.7857142857142857,0.5555555555555555
1238,0.38961038961038963,0.0,0.5555555555555555
1239,0.28571428571428575,0.7857142857142857,0.0
1240,0.7792207792207793,0.8214285714285714,0.6851851851851851
1241,0.7012987012987014,0.8214285714285714,0.574074074074074
1242,0.7012987012987014,0.8214285714285714,0.574074074074074
1243,0.2727272727272727,0.0,0.38888888888888884
1244,0.6623376623376623,0.7857142857142857,0.537037037037037
1245,0.7142857142857143,0.7857142857142857,0.611111111111111
1246,0.3766233766233767,0.0,0.537037037037037
1247,0.6883116883116884,0.8214285714285714,0.5555555555555555
1248,0.28571428571428575,0.7857142857142857,0.0
1249,0.6883116883116884,0.7857142857142857,0.574074074074074
1250,0.3636363636363637,0.0,0.5185185185185185
1251,0.6753246753246753,0.8214285714285714,0.537037037037037
1252,0.6753246753246753,0.8214285714285714,0.537037037037037
1253,0.7792207792207793,0.8214285714285714,0.6851851851851851
1254,0.29870129870129875,0.8214285714285714,0.0
1255,0.0,0.0,0.0
1256,0.2727272727272727,0.7499999999999999,0.0
1257,0.6883116883116884,0.7142857142857143,0.611111111111111
1258,0.7402597402597403,0.8214285714285714,0.6296296296296297
1259,0.28571428571428575,0.7857142857142857,0.0
1260,0.6623376623376623,0.7857142857142857,0.537037037037037
1261,0.6883116883116884,0.7857142857142857,0.574074074074074
1262,0.7012987012987014,0.8214285714285714,0.574074074074074
1263,0.0,0.0,0.0
1264,0.6493506493506495,0.7857142857142857,0.5185185185185185
1265,0.0,0.0,0.0
1266,0.6753246753246753,0.8214285714285714,0.537037037037037
1267,0.0,0.0,0.0
1268,0.0,0.0,0.0
1269,0.6753246753246753,0.8214285714285714,0.537037037037037
1270,0.7402597402597403,0.8214285714285714,0.6296296296296297
1271,0.7532467532467534,0.8214285714285714,0.648148148148148
1272,0.6883116883116884,0.8214285714285714,0.5555555555555555
1273,0.6493506493506495,0.7142857142857143,0.5555555555555555
1274,0.0,0.0,0.0
1275,0.7272727272727274,0.8214285714285714,0.611111111111111
1276,0.6233766233766235,0.7857142857142857,0.48148148148148145
1277,0.6623376623376623,0.7857142857142857,0.537037037037037
1278,0.6623376623376623,0.7142857142857143,0.574074074074074
1279,0.7272727272727274,0.8214285714285714,0.611111111111111
1280,0.8441558441558442,0.7142857142857143,0.8333333333333333
1281,0.42857142857142866,0.0,0.611111111111111
1282,0.7142857142857143,0.7857142857142857,0.611111111111111
1283,0.7402597402597403,0.7857142857142857,0.648148148148148
1284,0.5454545454545454,0.7857142857142857,0.37037037037037035
1285,0.6883116883116884,0.8214285714285714,0.5555555555555555
1286,0.7142857142857143,0.8214285714285714,0.5925925925925926
1287,0.6493506493506495,0.7499999999999999,0.537037037037037
1288,0.0,0.0,0.0
1289,0.0,0.0,0.0
1290,0.6623376623376623,0.7857142857142857,0.537037037037037
1291,0.29870129870129875,0.8214285714285714,0.0
1292,0.6883116883116884,0.8214285714285714,0.5555555555555555
1293,0.6753246753246753,0.7857142857142857,0.5555555555555555
1294,0.7402597402597403,0.7857142857142857,0.648148148148148
1295,0.5714285714285715,0.0,0.8148148148148148
1296,0.28571428571428575,0.7857142857142857,0.0
1297,0.5454545454545454,0.7857142857142857,0.37037037037037035
1298,0.6883116883116884,0.8214285714285714,0.5555555555555555
1299,0.33766233766233766,0.0,0.48148148148148145
1300,0.0,0.0,0.0
1301,0.29870129870129875,0.8214285714285714,0.0
1302,0.7272727272727274,0.7857142857142857,0.6296296296296297
1303,0.7922077922077924,0.7857142857142857,0.7222222222222222
1304,0.8961038961038961,0.8214285714285714,0.8518518518518517
1305,0.29870129870129875,0.8214285714285714,0.0
1306,0.6753246753246753,0.7857142857142857,0.5555555555555555
1307,0.7012987012987014,0.8214285714285714,0.574074074074074
1308,0.3766233766233767,0.0,0.537037037037037
1309,0.6753246753246753,0.8214285714285714,0.537037037037037
1310,0.28571428571428575,0.7857142857142857,0.0
1311,0.7012987012987014,0.8214285714285714,0.574074074074074
1312,0.7532467532467534,0.8214285714285714,0.648148148148148
1313,0.7792207792207793,0.7857142857142857,0.7037037037037036
1314,0.29870129870129875,0.8214285714285714,0.0
1315,0.42857142857142866,0.0,0.611111111111111
1316,0.38961038961038963,0.0,0.5555555555555555
1317,0.6883116883116884,0.8214285714285714,0.5555555555555555
1318,0.6753246753246753,0.8214285714285714,0.537037037037037
1319,0.6493506493506495,0.7142857142857143,0.5555555555555555
1320,0.6883116883116884,0.8214285714285714,0.5555555555555555
1321,0.29870129870129875,0.8214285714285714,0.0
1322,0.6623376623376623,0.8214285714285714,0.5185185185185185
1323,0.8181818181818182,0.7142857142857143,0.7962962962962962
1324,0.29870129870129875,0.8214285714285714,0.0
1325,0.3636363636363637,0.0,0.5185185185185185
1326,0.25974025974025977,0.0,0.37037037037037035
1327,0.7012987012987014,0.8214285714285714,0.574074074074074
1328,0.6753246753246753,0.8214285714285714,0.537037037037037
1329,0.6753246753246753,0.8214285714285714,0.537037037037037
1330,0.7922077922077924,0.7857142857142857,0.7222222222222222
1331,0.7272727272727274,0.8214285714285714,0.611111111111111
1332,0.38961038961038963,0.0,0.5555555555555555
1333,0.6623376623376623,0.7499999999999999,0.5555555555555555
1334,0.7662337662337663,0.7857142857142857,0.6851851851851851
1335,0.5974025974025975,0.7857142857142857,0.44444444444444436
1336,0.3766233766233767,0.0,0.537037037037037
1337,0.6493506493506495,0.7857142857142857,0.5185185185185185
1338,0.8051948051948052,0.8214285714285714,0.7222222222222222
1339,0.6623376623376623,0.7857142857142857,0.537037037037037
1340,0.7532467532467534,0.8214285714285714,0.648148148148148
1341,0.7142857142857143,0.7857142857142857,0.611111111111111
1342,0.29870129870129875,0.8214285714285714,0.0
1343,0.7272727272727274,0.8214285714285714,0.611111111111111
1344,0.0,0.0,0.0
1345,0.7012987012987014,0.8214285714285714,0.574074074074074
1346,0.6753246753246753,0.8214285714285714,0.537037037037037
1347,0.0,0.0,0.0
1348,0.6493506493506495,0.7857142857142857,0.5185185185185185
1349,0.6883116883116884,0.8214285714285714,0.5555555555555555
1350,0.6883116883116884,0.7857142857142857,0.574074074074074
1351,0.6883116883116884,0.8214285714285714,0.5555555555555555
1352,0.29870129870129875,0.8214285714285714,0.0
1353,0.0,0.0,0.0
1354,0.0,0.0,0.0
1355,0.8571428571428573,0.7857142857142857,0.8148148148148148
1356,0.6493506493506495,0.7857142857142857,0.5185185185185185
1357,0.6623376623376623,0.8214285714285714,0.5185185185185185
1358,0.6753246753246753,0.8214285714285714,0.537037037037037
1359,0.3506493506493507,0.0,0.5
1360,0.0,0.0,0.0
1361,0.6233766233766235,0.7499999999999999,0.5
1362,0.31168831168831174,0.8571428571428571,0.0
1363,0.6883116883116884,0.8214285714285714,0.5555555555555555
1364,0.38961038961038963,0.0,0.5555555555555555
1365,0.6233766233766235,0.7142857142857143,0.5185185185185185
1366,0.7012987012987014,0.7857142857142857,0.5925925925925926
1367,0.38961038961038963,0.0,0.5555555555555555
1368,0.6753246753246753,0.7857142857142857,0.5555555555555555
1369,0.7922077922077924,0.7857142857142857,0.7222222222222222
1370,0.6753246753246753,0.7857142857142857,0.5555555555555555
1371,0.6623376623376623,0.8214285714285714,0.5185185185185185
1372,0.7792207792207793,0.7857142857142857,0.7037037037037036
1373,0.8961038961038961,0.7857142857142857,0.8703703703703702
1374,0.6493506493506495,0.7142857142857143,0.5555555555555555
1375,0.4025974025974026,0.0,0.574074074074074
1376,0.2727272727272727,0.7499999999999999,0.0
1377,0.6753246753246753,0.7857142857142857,0.5555555555555555
1378,0.28571428571428575,0.0,0.4074074074074074
1379,0.6623376623376623,0.7857142857142857,0.537037037037037
1380,0.6233766233766235,0.7142857142857143,0.5185185185185185
1381,0.6623376623376623,0.8214285714285714,0.5185185185185185
1382,0.3766233766233767,0.0,0.537037037037037
1383,0.6363636363636365,0.7857142857142857,0.5
1384,0.31168831168831174,0.0,0.44444444444444436
1385,0.0,0.0,0.0
1386,0.6753246753246753,0.8214285714285714,0.537037037037037
1387,0.6623376623376623,0.7142857142857143,0.574074074074074
1388,0.5714285714285715,0.7499999999999999,0.4259259259259259
1389,0.28571428571428575,0.7857142857142857,0.0
1390,0.6883116883116884,0.7857142857142857,0.574074074074074
1391,0.6883116883116884,0.8214285714285714,0.5555555555555555
1392,0.6493506493506495,0.7499999999999999,0.537037037037037
1393,0.0,0.0,0.0
1394,0.8181818181818182,0.7857142857142857,0.7592592592592591
1395,0.29870129870129875,0.8214285714285714,0.0
1396,0.6883116883116884,0.8214285714285714,0.5555555555555555
1397,0.2727272727272727,0.7499999999999999,0.0
1398,0.6493506493506495,0.7857142857142857,0.5185185185185185
1399,0.6753246753246753,0.8214285714285714,0.537037037037037
1400,0.4155844155844156,0.0,0.5925925925925926
1401,0.6753246753246753,0.7857142857142857,0.5555555555555555
1402,0.6753246753246753,0.8214285714285714,0.537037037037037
1403,0.29870129870129875,0.8214285714285714,0.0
1404,0.6883116883116884,0.8214285714285714,0.5555555555555555
1405,0.7402597402597403,0.7142857142857143,0.6851851851851851
1406,0.7402597402597403,0.8214285714285714,0.6296296296296297
1407,0.6883116883116884,0.7857142857142857,0.574074074074074
1408,0.3766233766233767,0.0,0.537037037037037
1409,0.8051948051948052,0.8214285714285714,0.7222222222222222
1410,0.7532467532467534,0.7857142857142857,0.6666666666666665
1411,0.6753246753246753,0.7857142857142857,0.5555555555555555
1412,0.3766233766233767,0.0,0.537037037037037
1413,0.0,0.0,0.0
1414,0.4155844155844156,0.0,0.5925925925925926
1415,0.3766233766233767,0.0,0.537037037037037
1416,0.6883116883116884,0.8214285714285714,0.5555555555555555
1417,0.0,0.0,0.0
1418,0.6493506493506495,0.7142857142857143,0.5555555555555555
1419,0.7792207792207793,0.7857142857142857,0.7037037037037036
1420,0.7142857142857143,0.8214285714285714,0.5925925925925926
1421,0.7272727272727274,0.8214285714285714,0.611111111111111
1422,0.0,0.0,0.0
1423,0.29870129870129875,0.8214285714285714,0.0
1424,0.6363636363636365,0.7499999999999999,0.5185185185185185
1425,0.5584415584415585,0.8214285714285714,0.37037037037037035
1426,0.3636363636363637,0.0,0.5185185185185185
1427,0.3766233766233767,0.0,0.537037037037037
1428,0.2727272727272727,0.0,0.38888888888888884
1429,0.28571428571428575,0.7857142857142857,0.0
1430,0.0,0.0,0.0
1431,0.7142857142857143,0.7857142857142857,0.611111111111111
1432,0.5714285714285715,0.7857142857142857,0.4074074074074074
1433,0.7142857142857143,0.7499999999999999,0.6296296296296297
1434,0.6753246753246753,0.7857142857142857,0.5555555555555555
1435,0.28571428571428575,0.7857142857142857,0.0
1436,0.5454545454545454,0.7857142857142857,0.37037037037037035
1437,0.28571428571428575,0.7857142857142857,0.0
1438,0.0,0.0,0.0
1439,0.38961038961038963,0.0,0.5555555555555555
1440,0.6493506493506495,0.7499999999999999,0.537037037037037
1441,0.7142857142857143,0.8214285714285714,0.5925925925925926
1442,0.6753246753246753,0.8214285714285714,0.537037037037037
1443,0.6883116883116884,0.8214285714285714,0.5555555555555555
1444,0.6623376623376623,0.7857142857142857,0.537037037037037
1445,0.4025974025974026,0.0,0.574074074074074
1446,0.3636363636363637,0.0,0.5185185185185185
1447,0.28571428571428575,0.7857142857142857,0.0
1448,0.25974025974025977,0.7142857142857143,0.0
1449,0.7012987012987014,0.7857142857142857,0.5925925925925926
1450,0.28571428571428575,0.7857142857142857,0.0
1451,0.7662337662337663,0.7857142857142857,0.6851851851851851
1452,0.7012987012987014,0.8214285714285714,0.574074074074074
1453,0.3766233766233767,0.0,0.537037037037037
1454,0.6623376623376623,0.7857142857142857,0.537037037037037
1455,0.6493506493506495,0.7857142857142857,0.5185185185185185
1456,0.0,0.0,0.0
1457,0.25974025974025977,0.0,0.37037037037037035
1458,0.6753246753246753,0.8214285714285714,0.537037037037037
1459,0.8311688311688312,0.8214285714285714,0.7592592592592591
1460,0.6753246753246753,0.8214285714285714,0.537037037037037
1461,0.6883116883116884,0.8214285714285714,0.5555555555555555
1462,0.7142857142857143,0.8214285714285714,0.5925925925925926
1463,0.6883116883116884,0.7857142857142857,0.574074074074074
1464,0.7402597402597403,0.8214285714285714,0.6296296296296297
1465,0.5714285714285715,0.7142857142857143,0.44444444444444436
1466,0.6753246753246753,0.8214285714285714,0.537037037037037
1467,0.31168831168831174,0.8571428571428571,0.0
1468,0.29870129870129875,0.8214285714285714,0.0
1469,0.5974025974025975,0.0,0.8518518518518517
1470,0.0,0.0,0.0
1471,0.6493506493506495,0.8214285714285714,0.5
1472,0.5584415584415585,0.8214285714285714,0.37037037037037035
1473,0.8571428571428573,0.7857142857142857,0.8148148148148148
1474,0.7402597402597403,0.7857142857142857,0.648148148148148
1475,0.0,0.0,0.0
1476,0.0,0.0,0.0
1477,0.42857142857142866,0.0,0.611111111111111
1478,0.7012987012987014,0.8214285714285714,0.574074074074074
1479,0.29870129870129875,0.8214285714285714,0.0
1480,0.6883116883116884,0.8214285714285714,0.5555555555555555
1481,0.25974025974025977,0.7142857142857143,0.0
1482,0.7662337662337663,0.7857142857142857,0.6851851851851851
1483,0.5974025974025975,0.7857142857142857,0.44444444444444436
1484,0.25974025974025977,0.7142857142857143,0.0
1485,0.3636363636363637,0.0,0.5185185185185185
1486,0.6753246753246753,0.7857142857142857,0.5555555555555555
1487,0.4415584415584416,0.0,0.6296296296296297
1488,0.31168831168831174,0.8571428571428571,0.0
1489,0.38961038961038963,0.0,0.5555555555555555
1490,0.6363636363636365,0.7857142857142857,0.5
1491,0.0,0.0,0.0
1492,0.7532467532467534,0.7857142857142857,0.6666666666666665
1493,0.6623376623376623,0.7857142857142857,0.537037037037037
1494,0.5844155844155845,0.8214285714285714,0.4074074074074074
1495,0.25974025974025977,0.7142857142857143,0.0
1496,0.6623376623376623,0.7857142857142857,0.537037037037037
1497,0.5714285714285715,0.8214285714285714,0.38888888888888884
1498,0.7272727272727274,0.8214285714285714,0.611111111111111
1499,0.38961038961038963,0.0,0.5555555555555555
1500,0.7402597402597403,0.7857142857142857,0.648148148148148
1501,0.0,0.0,0.0
1502,0.7402597402597403,0.8214285714285714,0.6296296296296297
1503,0.6623376623376623,0.7857142857142857,0.537037037037037
1504,0.6883116883116884,0.8214285714285714,0.5555555555555555
1505,0.29870129870129875,0.8214285714285714,0.0
1506,0.6623376623376623,0.7857142857142857,0.537037037037037
1507,0.7012987012987014,0.8571428571428571,0.5555555555555555
1508,0.6883116883116884,0.8571428571428571,0.537037037037037
1509,0.5454545454545454,0.7857142857142857,0.37037037037037035
1510,0.0,0.0,0.0
1511,0.0,0.0,0.0
1512,0.3766233766233767,0.0,0.537037037037037
1513,0.6753246753246753,0.8214285714285714,0.537037037037037
1514,0.6883116883116884,0.8214285714285714,0.5555555555555555
1515,0.7402597402597403,0.7857142857142857,0.648148148148148
1516,0.0,0.0,0.0
1517,0.0,0.0,0.0
1518,0.0,0.0,0.0
1519,0.7142857142857143,0.8214285714285714,0.5925925925925926
1520,0.29870129870129875,0.8214285714285714,0.0
1521,0.31168831168831174,0.8571428571428571,0.0
1522,0.0,0.0,0.0
1523,0.6103896103896104,0.0,0.8703703703703702
1524,0.38961038961038963,0.0,0.5555555555555555
1525,0.7272727272727274,0.8214285714285714,0.611111111111111
1526,0.0,0.0,0.0
1527,0.0,0.0,0.0
1528,0.6493506493506495,0.7857142857142857,0.5185185185185185
1529,0.6883116883116884,0.8214285714285714,0.5555555555555555
1530,0.6363636363636365,0.8214285714285714,0.48148148148148145
1531,0.5714285714285715,0.7499999999999999,0.4259259259259259
1532,0.7012987012987014,0.7857142857142857,0.5925925925925926
1533,0.8051948051948052,0.7857142857142857,0.7407407407407407
1534,0.6623376623376623,0.8214285714285714,0.5185185185185185
1535,0.7012987012987014,0.7142857142857143,0.6296296296296297
1536,0.6103896103896104,0.7857142857142857,0.4629629629629629
1537,0.2727272727272727,0.0,0.38888888888888884
1538,0.3636363636363637,0.0,0.5185185185185185
1539,0.6493506493506495,0.7857142857142857,0.5185185185185185
1540,0.3766233766233767,0.0,0.537037037037037
1541,0.4545454545454546,0.0,0.648148148148148
1542,0.3766233766233767,0.0,0.537037037037037
1543,0.6623376623376623,0.7857142857142857,0.537037037037037
1544,0.28571428571428575,0.7857142857142857,0.0
1545,0.28571428571428575,0.7857142857142857,0.0
1546,0.7142857142857143,0.8214285714285714,0.5925925925925926
1547,0.7402597402597403,0.8214285714285714,0.6296296296296297
1548,0.7012987012987014,0.8214285714285714,0.574074074074074
1549,0.29870129870129875,0.8214285714285714,0.0
1550,0.4155844155844156,0.0,0.5925925925925926
1551,0.7012987012987014,0.8214285714285714,0.574074074074074
1552,0.29870129870129875,0.8214285714285714,0.0
1553,0.7662337662337663,0.7857142857142857,0.6851851851851851
1554,0.0,0.0,0.0
1555,0.38961038961038963,0.0,0.5555555555555555
1556,0.4025974025974026,0.0,0.574074074074074
1557,0.29870129870129875,0.8214285714285714,0.0
1558,0.6883116883116884,0.8214285714285714,0.5555555555555555
1559,0.6493506493506495,0.7857142857142857,0.5185185185185185
1560,0.0,0.0,0.0
1561,0.28571428571428575,0.7857142857142857,0.0
1562,0.7272727272727274,0.7857142857142857,0.6296296296296297
1563,0.28571428571428575,0.7857142857142857,0.0
1564,0.31168831168831174,0.8571428571428571,0.0
1565,0.29870129870129875,0.8214285714285714,0.0
1566,0.0,0.0,0.0
1567,0.3636363636363637,0.0,0.5185185185185185
1568,0.6753246753246753,0.7857142857142857,0.5555555555555555
1569,0.0,0.0,0.0
1570,0.6883116883116884,0.8214285714285714,0.5555555555555555
1571,0.33766233766233766,0.0,0.48148148148148145
1572,0.0,0.0,0.0
1573,0.8701298701298702,0.8214285714285714,0.8148148148148148
1574,0.6363636363636365,0.7142857142857143,0.537037037037037
1575,0.6493506493506495,0.7499999999999999,0.537037037037037
1576,0.7012987012987014,0.8214285714285714,0.574074074074074
1577,0.7272727272727274,0.7857142857142857,0.6296296296296297
1578,0.0,0.0,0.0
1579,0.0,0.0,0.0
1580,0.6753246753246753,0.8214285714285714,0.537037037037037
1581,0.6883116883116884,0.8214285714285714,0.5555555555555555
1582,0.3766233766233767,0.0,0.537037037037037
1583,0.0,0.0,0.0
1584,0.5194805194805195,0.0,0.7407407407407407
1585,0.6623376623376623,0.7857142857142857,0.537037037037037
1586,0.6883116883116884,0.8214285714285714,0.5555555555555555
1587,0.7142857142857143,0.7857142857142857,0.611111111111111
1588,0.7272727272727274,0.7857142857142857,0.6296296296296297
1589,0.6883116883116884,0.8214285714285714,0.5555555555555555
1590,0.7532467532467534,0.7857142857142857,0.6666666666666665
1591,0.6883116883116884,0.8214285714285714,0.5555555555555555
